{
  "versions": {
    "pennylane": "0.44.1",
    "openfermion": "1.7.1",
    "qiskit": "2.3.0",
    "numpy": "2.4.4"
  },
  "R_angstrom": 0.7414,
  "e_nuc": 0.7137539936646884,
  "e_rhf": -1.1166843872469294,
  "h_mo": [
    [
      -1.2524635743761205,
      -2.106093077713922e-13
    ],
    [
      -2.107203300738547e-13,
      -0.4759487214849989
    ]
  ],
  "spin_orbital_h_diag": [
    -1.2524635743761205,
    -1.2524635743761205,
    -0.4759487214849989,
    -0.4759487214849989
  ],
  "fci_block_electronic": [
    [
      -1.8304383809116178,
      0.1812888076077578
    ],
    [
      0.18128880760775773,
      -0.25450367863672674
    ]
  ],
  "fci_block_secondquant_dev": 0.0,
  "hermiticity_dev": 8.326672684688674e-17,
  "open_shell_coupling": 0.0,
  "eigenvalues_electronic": [
    -1.8510241685488635,
    -0.23391789099948113
  ],
  "E_FCI_total": -1.1372701748841751,
  "E_FCI_ref": -1.13727,
  "abs_error_vs_ref": 1.7488417514144317e-07,
  "ground_state_coefficients": {
    "c1": -0.993614605725447,
    "c2": 0.11282736941480281,
    "c2_sq": 0.01273001528906438
  },
  "E_corr": -0.020585787637245723,
  "stretch_scan": {
    "R": [
      0.5,
      0.6,
      0.7,
      0.7414,
      0.9,
      1.1,
      1.3,
      1.5,
      1.8,
      2.1,
      2.5,
      3.0
    ],
    "E_RHF": [
      -1.0429962738888865,
      -1.1011282420177437,
      -1.1173490350482762,
      -1.1166843872469294,
      -1.0919140414674655,
      -1.0365388756846188,
      -0.9731106165650882,
      -0.9108735554215523,
      -0.8288481486331749,
      -0.7641776521467827,
      -0.7029436002040391,
      -0.6560482518800296
    ],
    "E_FCI": [
      -1.0551597938937385,
      -1.116286006688663,
      -1.136189454187329,
      -1.1372701748841751,
      -1.1205602818114755,
      -1.0791929457236982,
      -1.0351862674022851,
      -0.9981493546177981,
      -0.9618169541284695,
      -0.9443746825965481,
      -0.9360549215621311,
      -0.9336318462386344
    ],
    "c2_sq": [
      0.005161370235183524,
      0.007554817772713112,
      0.010956894648978638,
      0.01273001528906438,
      0.02209605169294799,
      0.042194502658213985,
      0.07601881625352491,
      0.126311505185509,
      0.22326056237325648,
      0.3173408563721062,
      0.4055792646680911,
      0.4625558862948678
    ],
    "E_corr": [
      -0.012163520004851991,
      -0.015157764670919338,
      -0.018840419139052766,
      -0.020585787637245723,
      -0.028646240344009977,
      -0.042654070039079395,
      -0.062075650837196905,
      -0.08727579919624573,
      -0.13296880549529455,
      -0.18019703044976543,
      -0.23311132135809198,
      -0.2775835943586048
    ]
  },
  "figure": "C:\\Users\\user\\Quantum Computation and Quantum Information Program\\HW3\\figures\\problem1_stretch.png"
}